ts,equity,gross_equity,fees,spread,funding,cash,gross_exposure,net_exposure
2026-09-23 10:00:00+00:00,10000.0,10000.0,0.0,0.0,0.0,10000.0,0,0
2026-09-23 11:00:00+00:00,10000.0,10000.0,0.0,0.0,0.0,10000.0,0,0
2026-09-23 12:00:00+00:00,10000.0,10000.0,0.0,0.0,0.0,10000.0,0,0
2026-09-23 13:00:00+00:00,10003.81288332,10005.085350000001,1.13611668,0.1363499999999334,0.0,8105.33608332,0.18977532088444518,0.18977532088444518
2026-09-23 14:00:00+00:00,10047.04088332,10048.31335,1.13611668,0.1363499999999334,0.0,8105.33608332,0.19326136148441472,0.19326136148441472
2026-09-23 15:00:00+00:00,10020.19508332,10021.467550000001,1.13611668,0.1363499999999334,0.0,8105.33608332,0.1910999720142722,0.1910999720142722
2026-09-23 16:00:00+00:00,10023.952665504,10025.446950000001,1.13611668,0.1363499999999334,-0.221817816,8105.114265504,0.1914253253213583,0.1914253253213583
2026-09-23 17:00:00+00:00,10025.589404364,10028.4319,2.4039778199999997,0.2166999999999098,-0.221817816,10216.948304364,0.2761440937123265,-0.0190870473826411
2026-09-23 18:00:00+00:00,10022.938704364,10025.7812,2.4039778199999997,0.2166999999999098,-0.221817816,10216.948304364,0.2762014696143614,-0.01935655856256289
2026-09-23 19:00:00+00:00,10016.586104364,10019.4286,2.4039778199999997,0.2166999999999098,-0.221817816,10216.948304364,0.2757366003968843,-0.02000304274454413
2026-09-23 20:00:00+00:00,10015.065404363999,10017.907899999998,2.4039778199999997,0.2166999999999098,-0.221817816,10216.948304364,0.27427548289430664,-0.0201579212764832
2026-09-23 21:00:00+00:00,10017.000931564002,10019.988800000001,2.54245062,0.22359999999990354,-0.221817816,9986.021831564001,0.2513416258220215,0.003092652203154283
2026-09-23 22:00:00+00:00,10018.111031564002,10021.0989,2.54245062,0.22359999999990354,-0.221817816,9986.021831564001,0.25158621141839344,0.0032031188213922507
2026-09-23 23:00:00+00:00,10022.250131564002,10025.238000000001,2.54245062,0.22359999999990354,-0.221817816,9986.021831564001,0.2522712431649765,0.0036147870512533674
2026-09-24 00:00:00+00:00,10018.249379786002,10021.116200000002,2.54245062,0.22359999999990354,-0.10076959399999999,9986.142879786003,0.2509152652031203,0.0032048014361452885
2026-09-24 01:00:00+00:00,10020.790179786003,10023.657000000003,2.54245062,0.22359999999990354,-0.10076959399999999,9986.142879786003,0.25104969317436837,0.0034575417086260083
2026-09-24 02:00:00+00:00,10019.775579786003,10022.642400000002,2.54245062,0.22359999999990354,-0.10076959399999999,9986.142879786003,0.25060831752218043,0.003356632065477696
2026-09-24 03:00:00+00:00,10017.997779786003,10020.864600000003,2.54245062,0.22359999999990354,-0.10076959399999999,9986.142879786003,0.2513423695382159,0.003179767125151065
2026-09-24 04:00:00+00:00,10015.514479786003,10018.381300000003,2.54245062,0.22359999999990354,-0.10076959399999999,9986.142879786003,0.24988277986628943,0.0029326102078210507
2026-09-24 05:00:00+00:00,10013.530879786002,10016.397700000001,2.54245062,0.22359999999990354,-0.10076959399999999,9986.142879786003,0.25013770168285826,0.0027350991701925193
2026-09-24 06:00:00+00:00,10015.804479786002,10018.671300000002,2.54245062,0.22359999999990354,-0.10076959399999999,9986.142879786003,0.24964425024932427,0.0029614795356541976
2026-09-24 07:00:00+00:00,10016.753079786002,10019.619900000002,2.54245062,0.22359999999990354,-0.10076959399999999,9986.142879786003,0.24934025827592413,0.0030559004256351142
2026-09-24 08:00:00+00:00,10017.798379786002,10020.665200000001,2.54245062,0.22359999999990354,-0.10076959399999999,9986.142879786003,0.2504885409815569,0.0031599258439733158
2026-09-24 09:00:00+00:00,10010.829479786002,10013.696300000001,2.54245062,0.22359999999990354,-0.10076959399999999,9986.142879786003,0.2475549508663668,0.002465989461697205
2026-09-24 10:00:00+00:00,10005.751279786002,10008.618100000002,2.54245062,0.22359999999990354,-0.10076959399999999,9986.142879786003,0.24702670802875118,0.001959712914272974
2026-09-24 11:00:00+00:00,10012.031179786003,10014.898000000003,2.54245062,0.22359999999990354,-0.10076959399999999,9986.142879786003,0.2481978187420221,0.002585719074893366
2026-09-24 12:00:00+00:00,10012.852479786003,10015.719300000002,2.54245062,0.22359999999990354,-0.10076959399999999,9986.142879786003,0.2471780349302515,0.002667531560454085
2026-09-24 13:00:00+00:00,10020.979779786003,10023.846600000003,2.54245062,0.22359999999990354,-0.10076959399999999,9986.142879786003,0.2482569723389988,0.0034763965964956633
2026-09-24 14:00:00+00:00,10042.196479786002,10045.063300000002,2.54245062,0.22359999999990354,-0.10076959399999999,9986.142879786003,0.25052995179532805,0.005581806740470636
2026-09-24 15:00:00+00:00,10055.880679786002,10058.747500000001,2.54245062,0.22359999999990354,-0.10076959399999999,9986.142879786003,0.25132034482869203,0.006935026599926191
2026-09-24 16:00:00+00:00,10054.027842482503,10056.879000000003,2.54245062,0.22359999999990354,-0.08510689749999995,9986.158542482503,0.2513277205502624,0.006750458727916346
2026-09-24 17:00:00+00:00,10050.290467942503,10053.437300000003,2.8093251599999998,0.2523999999999305,-0.08510689749999995,9969.450367942503,0.21582867748140486,0.008043558567571397
2026-09-24 18:00:00+00:00,10045.779867942503,10048.926700000004,2.8093251599999998,0.2523999999999305,-0.08510689749999995,9969.450367942503,0.21506454734235528,0.00759816569777506
2026-09-24 19:00:00+00:00,10055.299467942503,10058.446300000003,2.8093251599999998,0.2523999999999305,-0.08510689749999995,9969.450367942503,0.21631424374127228,0.00853769698990041
2026-09-24 20:00:00+00:00,10057.474367942503,10060.621200000003,2.8093251599999998,0.2523999999999305,-0.08510689749999995,9969.450367942503,0.21569442989729345,0.00875209787067121
2026-09-24 21:00:00+00:00,10054.604187662502,10058.119950000002,3.1319054399999993,0.2987499999999064,-0.08510689749999995,10056.614787662502,0.26907467957015235,-0.00019996809048605877
2026-09-24 22:00:00+00:00,10054.989287662502,10058.505050000002,3.1319054399999993,0.2987499999999064,-0.08510689749999995,10056.614787662502,0.26911393165979725,-0.00016166103747066417
2026-09-24 23:00:00+00:00,10055.162787662503,10058.678550000002,3.1319054399999993,0.2987499999999064,-0.08510689749999995,10056.614787662502,0.2689848843937763,-0.00014440343042296504
2026-09-25 00:00:00+00:00,10054.213997988902,10057.40725,3.1319054399999993,0.2987499999999064,0.23740342890000005,10056.937297988901,0.26891429807847866,-0.0002708615512405591
2026-09-25 01:00:00+00:00,10054.1984599689,10057.58755,3.3157434599999993,0.3107499999999098,0.23740342890000005,10012.1715599689,0.23897890115921108,0.004180034854825228
2026-09-25 02:00:00+00:00,10055.1993599689,10058.58845,3.3157434599999993,0.3107499999999098,0.23740342890000005,10012.1715599689,0.2393048326400803,0.004279159314463661
2026-09-25 03:00:00+00:00,10053.282259968899,10056.671349999999,3.3157434599999993,0.3107499999999098,0.23740342890000005,10012.1715599689,0.23897991102534036,0.004089281384617884
2026-09-25 04:00:00+00:00,10052.4526599689,10055.84175,3.3157434599999993,0.3107499999999098,0.23740342890000005,10012.1715599689,0.2392995203627691,0.004007091737960442
2026-09-25 05:00:00+00:00,10052.7486599689,10056.13775,3.3157434599999993,0.3107499999999098,0.23740342890000005,10012.1715599689,0.2394650837721678,0.004036418433655092
2026-09-25 06:00:00+00:00,10053.4976599689,10056.88675,3.3157434599999993,0.3107499999999098,0.23740342890000005,10012.1715599689,0.23980427325304196,0.004110619149448111
2026-09-25 07:00:00+00:00,10051.5079599689,10054.89705,3.3157434599999993,0.3107499999999098,0.23740342890000005,10012.1715599689,0.23971621070152893,0.003913482450261296
2026-09-25 08:00:00+00:00,10048.4908811165,10051.88255,3.3157434599999993,0.3107499999999098,0.23482457650000005,10012.1689811165,0.23914811969585936,0.003614662184573156
2026-09-25 09:00:00+00:00,10047.268421136501,10050.789850000001,3.436903439999999,0.3193499999999206,0.23482457650000005,9972.417121136501,0.2439183265816229,0.007449915426021155
2026-09-25 10:00:00+00:00,10049.759921136501,10053.281350000001,3.436903439999999,0.3193499999999206,0.23482457650000005,9972.417121136501,0.24395098183825564,0.007695984840128758
2026-09-25 11:00:00+00:00,10050.3127211365,10053.83415,3.436903439999999,0.3193499999999206,0.23482457650000005,9972.417121136501,0.24441271313219642,0.007750564799459438
2026-09-25 12:00:00+00:00,10043.988321136501,10047.509750000001,3.436903439999999,0.3193499999999206,0.23482457650000005,9972.417121136501,0.2443817656413065,0.00712577491248035
2026-09-25 13:00:00+00:00,10044.3264854565,10048.247150000001,3.818739119999999,0.33674999999990474,0.23482457650000005,10140.935685456501,0.1935553173042485,-0.009618285520675141
2026-09-25 14:00:00+00:00,10035.2160854565,10039.136750000001,3.818739119999999,0.33674999999990474,0.23482457650000005,10140.935685456501,0.18928788217653908,-0.01053486034577906
2026-09-25 15:00:00+00:00,10032.236585456501,10036.157250000002,3.818739119999999,0.33674999999990474,0.23482457650000005,10140.935685456501,0.18883297696012194,-0.010834981718590899
2026-09-25 16:00:00+00:00,10027.689852841899,10031.45825,3.818739119999999,0.33674999999990474,0.3870919619,10141.0879528419,0.18897071287690098,-0.01130849693839129
2026-09-25 17:00:00+00:00,10025.479917301898,10029.317299999997,3.8845746599999993,0.33989999999990184,0.3870919619,10031.296217301899,0.17824677868198532,-0.0005801517780672331
2026-09-25 18:00:00+00:00,10025.842317301898,10029.679699999997,3.8845746599999993,0.33989999999990184,0.3870919619,10031.296217301899,0.1781868339298564,-0.0005439842187212613
2026-09-25 19:00:00+00:00,10028.6158173019,10032.453199999998,3.8845746599999993,0.33989999999990184,0.3870919619,10031.296217301899,0.17818885801936837,-0.0002672751702558634
2026-09-25 20:00:00+00:00,10028.4270173019,10032.264399999998,3.8845746599999993,0.33989999999990184,0.3870919619,10031.296217301899,0.17830832262277296,-0.0002861066840342773
2026-09-25 21:00:00+00:00,10020.660917301899,10024.498299999997,3.8845746599999993,0.33989999999990184,0.3870919619,10031.296217301899,0.17741146164625177,-0.0010613371800293938
2026-09-25 22:00:00+00:00,10021.134917301899,10024.972299999998,3.8845746599999993,0.33989999999990184,0.3870919619,10031.296217301899,0.17744593947436516,-0.0010139869469730427
2026-09-25 23:00:00+00:00,10021.744117301898,10025.581499999997,3.8845746599999993,0.33989999999990184,0.3870919619,10031.296217301899,0.17767594933160075,-0.0009531374866685108
2026-09-26 00:00:00+00:00,10022.034065695498,10025.986299999997,3.8845746599999993,0.33989999999990184,0.2722403555,10031.181365695498,0.17754696185783883,-0.0009127189091594186
2026-09-26 01:00:00+00:00,10021.779965695498,10025.732199999997,3.8845746599999993,0.33989999999990184,0.2722403555,10031.181365695498,0.17708924024224823,-0.0009380968283259948
2026-09-26 02:00:00+00:00,10021.403065695498,10025.355299999997,3.8845746599999993,0.33989999999990184,0.2722403555,10031.181365695498,0.17720751159875162,-0.0009757416138137767
2026-09-26 03:00:00+00:00,10021.754465695498,10025.706699999997,3.8845746599999993,0.33989999999990184,0.2722403555,10031.181365695498,0.17714108902555303,-0.0009406436799333259
2026-09-26 04:00:00+00:00,10021.589065695498,10025.541299999997,3.8845746599999993,0.33989999999990184,0.2722403555,10031.181365695498,0.17710419858218607,-0.0009571635732735181
2026-09-26 05:00:00+00:00,10022.227765695498,10026.179999999997,3.8845746599999993,0.33989999999990184,0.2722403555,10031.181365695498,0.17721820352949694,-0.0008933742286966152
2026-09-26 06:00:00+00:00,10021.8054656955,10025.757699999998,3.8845746599999993,0.33989999999990184,0.2722403555,10031.181365695498,0.17709809934699508,-0.0009355499896793686
2026-09-26 07:00:00+00:00,10022.337665695499,10026.289899999998,3.8845746599999993,0.33989999999990184,0.2722403555,10031.181365695498,0.17713521128673754,-0.0008823989267763722
2026-09-26 08:00:00+00:00,10022.663465695498,10026.615699999997,3.8845746599999993,0.33989999999990184,0.2722403555,10031.181365695498,0.17732403228772597,-0.0008498639138342921
2026-09-26 09:00:00+00:00,10023.029004835498,10027.039249999998,3.9399355199999997,0.34254999999989943,0.2722403555,10123.3941048355,0.18658246914159188,-0.010013450021104403
2026-09-26 10:00:00+00:00,10023.3207048355,10027.33095,3.9399355199999997,0.34254999999989943,0.2722403555,10123.3941048355,0.18640570874866202,-0.009984056476584865
2026-09-26 11:00:00+00:00,10025.0736048355,10029.083849999999,3.9399355199999997,0.34254999999989943,0.2722403555,10123.3941048355,0.1868636754044799,-0.00980745916444704
2026-09-26 12:00:00+00:00,10026.1687048355,10030.17895,3.9399355199999997,0.34254999999989943,0.2722403555,10123.3941048355,0.1869900911497539,-0.009697163778334324
2026-09-26 13:00:00+00:00,10027.4532748355,10031.52025,3.9921655199999995,0.34704999999989533,0.2722403555,10036.291874835499,0.17823275272547398,-0.0008814401581088375
2026-09-26 14:00:00+00:00,10027.684874835499,10031.751849999999,3.9921655199999995,0.34704999999989533,0.2722403555,10036.291874835499,0.17818352115191605,-0.0008583237414649223
2026-09-26 15:00:00+00:00,10028.8300748355,10032.89705,3.9921655199999995,0.34704999999989533,0.2722403555,10036.291874835499,0.17850167832556119,-0.0007440349416950656
2026-09-26 16:00:00+00:00,10027.791363512299,10031.912649999998,3.9921655199999995,0.34704999999989533,0.2179290323,10036.237563512299,0.17847070557450823,-0.0008422791912816347
2026-09-26 17:00:00+00:00,10027.1135635123,10031.234849999999,3.9921655199999995,0.34704999999989533,0.2179290323,10036.237563512299,0.17851717632018066,-0.0009099328477939371
2026-09-26 18:00:00+00:00,10026.541163512298,10030.662449999998,3.9921655199999995,0.34704999999989533,0.2179290323,10036.237563512299,0.17840305752790578,-0.0009670732750079666
2026-09-26 19:00:00+00:00,10026.314263512299,10030.435549999998,3.9921655199999995,0.34704999999989533,0.2179290323,10036.237563512299,0.178231686443668,-0.0009897256099494916
2026-09-26 20:00:00+00:00,10026.677363512299,10030.798649999999,3.9921655199999995,0.34704999999989533,0.2179290323,10036.237563512299,0.17819572079799356,-0.0009534763764106075
2026-09-26 21:00:00+00:00,10025.855163512299,10029.976449999998,3.9921655199999995,0.34704999999989533,0.2179290323,10036.237563512299,0.1780781360674012,-0.0010355625361301122
2026-09-26 22:00:00+00:00,10025.408363512299,10029.529649999999,3.9921655199999995,0.34704999999989533,0.2179290323,10036.237563512299,0.17827251870405145,-0.0010801754509485214
2026-09-26 23:00:00+00:00,10026.151263512298,10030.272549999998,3.9921655199999995,0.34704999999989533,0.2179290323,10036.237563512299,0.1783512988186832,-0.0010059991850219305
2026-09-27 00:00:00+00:00,10027.0787635123,10031.20005,3.9921655199999995,0.34704999999989533,0.2179290323,10036.237563512299,0.1785603207302266,-0.0009134066078475569
2026-09-27 01:00:00+00:00,10026.1494635123,10030.27075,3.9921655199999995,0.34704999999989533,0.2179290323,10036.237563512299,0.17841414657839702,-0.0010061788961667783
2026-09-27 02:00:00+00:00,10026.890663512298,10031.011949999998,3.9921655199999995,0.34704999999989533,0.2179290323,10036.237563512299,0.1787011906413217,-0.0009321832972621577
2026-09-27 03:00:00+00:00,10027.645863512298,10031.767149999998,3.9921655199999995,0.34704999999989533,0.2179290323,10036.237563512299,0.17879507557439991,-0.0008568012988235602
2026-09-27 04:00:00+00:00,10028.625263512298,10032.746549999998,3.9921655199999995,0.34704999999989533,0.2179290323,10036.237563512299,0.17885389600965224,-0.0007590571788235253
2026-09-27 05:00:00+00:00,10029.0394635123,10033.16075,3.9921655199999995,0.34704999999989533,0.2179290323,10036.237563512299,0.17879296482217905,-0.000717725762889675
2026-09-27 06:00:00+00:00,10029.2451635123,10033.36645,3.9921655199999995,0.34704999999989533,0.2179290323,10036.237563512299,0.1789004028466334,-0.0006972010242046072
2026-09-27 07:00:00+00:00,10028.650363512299,10032.771649999999,3.9921655199999995,0.34704999999989533,0.2179290323,10036.237563512299,0.17904259645274428,-0.0007565524497299123
2026-09-27 08:00:00+00:00,10029.636063512298,10033.757349999998,3.9921655199999995,0.34704999999989533,0.2179290323,10036.237563512299,0.17926164903837793,-0.0006581993562075653
2026-09-27 09:00:00+00:00,10028.923363512298,10033.044649999998,3.9921655199999995,0.34704999999989533,0.2179290323,10036.237563512299,0.1794408965719477,-0.000729310588473619
2026-09-27 10:00:00+00:00,10029.0990635123,10033.22035,3.9921655199999995,0.34704999999989533,0.2179290323,10036.237563512299,0.17975238738629587,-0.0007117787903772003
2026-09-27 11:00:00+00:00,10028.7328635123,10032.85415,3.9921655199999995,0.34704999999989533,0.2179290323,10036.237563512299,0.17969160456517227,-0.0007483198627520002
2026-09-27 12:00:00+00:00,10030.060363512299,10034.181649999999,3.9921655199999995,0.34704999999989533,0.2179290323,10036.237563512299,0.17964286701152418,-0.0006158686763712484
2026-09-27 13:00:00+00:00,10030.2719635123,10034.39325,3.9921655199999995,0.34704999999989533,0.2179290323,10036.237563512299,0.17933551617977464,-0.0005947595460722771
2026-09-27 14:00:00+00:00,10028.689063512298,10032.810349999998,3.9921655199999995,0.34704999999989533,0.2179290323,10036.237563512299,0.17921442061047863,-0.0007526906011538533
2026-09-27 15:00:00+00:00,10026.9406635123,10031.06195,3.9921655199999995,0.34704999999989533,0.2179290323,10036.237563512299,0.17875263853133913,-0.0009271920830080363
2026-09-27 16:00:00+00:00,10026.669423640298,10030.778949999998,3.9921655199999995,0.34704999999989533,0.2296891603,10036.249323640299,0.17875665630045998,-0.000955441891543067
2026-09-27 17:00:00+00:00,10025.827823640298,10029.937349999998,3.9921655199999995,0.34704999999989533,0.2296891603,10036.249323640299,0.17879931029467022,-0.0010394652873877107
2026-09-27 18:00:00+00:00,10026.807823640298,10030.917349999998,3.9921655199999995,0.34704999999989533,0.2296891603,10036.249323640299,0.1789491462845821,-0.0009416257064127258
2026-09-27 19:00:00+00:00,10027.580923640298,10031.690449999998,3.9921655199999995,0.34704999999989533,0.2296891603,10036.249323640299,0.17915790594765021,-0.0008644557511935937
2026-09-27 20:00:00+00:00,10026.400523640299,10030.510049999999,3.9921655199999995,0.34704999999989533,0.2296891603,10036.249323640299,0.1791501143171807,-0.0009822867116447633
2026-09-27 21:00:00+00:00,10028.448192340298,10032.807799999999,4.234196819999999,0.355099999999888,0.2296891603,9632.621792340298,0.1389368298341726,0.03947035397782991
2026-09-27 22:00:00+00:00,10025.904192340298,10030.263799999999,4.234196819999999,0.355099999999888,0.2296891603,9632.621792340298,0.13869827332505205,0.039226626591990006
2026-09-27 23:00:00+00:00,10025.974892340299,10030.334499999999,4.234196819999999,0.355099999999888,0.2296891603,9632.621792340298,0.13843502650903017,0.0392334016615697
2026-09-28 00:00:00+00:00,10023.320292340299,10027.6799,4.234196819999999,0.355099999999888,0.2296891603,9632.621792340298,0.13856872368544335,0.038978949949206664
2026-09-28 01:00:00+00:00,10012.745092340298,10017.104699999998,4.234196819999999,0.355099999999888,0.2296891603,9632.621792340298,0.13702562956981454,0.0379639446020445
2026-09-28 02:00:00+00:00,10014.793192340298,10019.152799999998,4.234196819999999,0.355099999999888,0.2296891603,9632.621792340298,0.1365652763599801,0.038160688160021064
2026-09-28 03:00:00+00:00,10014.039492340298,10018.399099999999,4.234196819999999,0.355099999999888,0.2296891603,9632.621792340298,0.13632939045669257,0.03808829596605296
2026-09-28 04:00:00+00:00,10013.002592340299,10017.3622,4.234196819999999,0.355099999999888,0.2296891603,9632.621792340298,0.13580633655685218,0.03798868486171989
2026-09-28 05:00:00+00:00,10014.782792340298,10019.142399999999,4.234196819999999,0.355099999999888,0.2296891603,9632.621792340298,0.13600324922091614,0.03815968932369574
2026-09-28 06:00:00+00:00,10014.100192340298,10018.459799999999,4.234196819999999,0.355099999999888,0.2296891603,9632.621792340298,0.13565076980546334,0.03809412654886253
2026-09-28 07:00:00+00:00,10015.364592340298,10019.724199999999,4.234196819999999,0.355099999999888,0.2296891603,9632.621792340298,0.13555899912404004,0.038215563344815205
2026-09-28 08:00:00+00:00,10015.029712440997,10019.397499999997,4.234196819999999,0.355099999999888,0.221509261,9632.613612440997,0.1354401872932028,0.03818422021503842
2026-09-28 09:00:00+00:00,10015.343306120998,10020.114749999999,4.559503139999999,0.4334499999998828,0.221509261,9666.914106120998,0.11594901587549938,0.034789541341738464
2026-09-28 10:00:00+00:00,10012.550106120998,10017.321549999999,4.559503139999999,0.4334499999998828,0.221509261,9666.914106120998,0.11528291871362058,0.03452027668642591
2026-09-28 11:00:00+00:00,10012.366506120998,10017.137949999998,4.559503139999999,0.4334499999998828,0.221509261,9666.914106120998,0.11581202099335006,0.03450257237275621
2026-09-28 12:00:00+00:00,10013.183806120998,10017.955249999999,4.559503139999999,0.4334499999998828,0.221509261,9666.914106120998,0.11619178500336629,0.03458137858093921
2026-09-28 13:00:00+00:00,10020.832133380998,10026.404099999996,5.229575879999999,0.5638999999998738,0.221509261,9841.759333380998,0.19163658012022572,0.01787005286751384
2026-09-28 14:00:00+00:00,10013.542333380998,10019.114299999996,5.229575879999999,0.5638999999998738,0.221509261,9841.759333380998,0.190761724113572,0.017155068034949702
2026-09-28 15:00:00+00:00,10013.365133380998,10018.937099999996,5.229575879999999,0.5638999999998738,0.221509261,9841.759333380998,0.18831593324344342,0.017137675268419732
2026-09-28 16:00:00+00:00,10015.964025792198,10021.352999999997,5.229575879999999,0.5638999999998738,0.4045016722000001,9841.942325792199,0.18899058494274912,0.017374433409692268
2026-09-28 17:00:00+00:00,10015.6678541922,10021.4393,5.602647479999999,0.5732999999998662,0.4045016722000001,9262.366454192199,0.24680013714366184,0.07521229846741524
2026-09-28 18:00:00+00:00,10013.246654192199,10019.0181,5.602647479999999,0.5732999999998662,0.4045016722000001,9262.366454192199,0.2470259932091474,0.07498868508203906
2026-09-28 19:00:00+00:00,10014.097754192198,10019.8692,5.602647479999999,0.5732999999998662,0.4045016722000001,9262.366454192199,0.24648046789504374,0.07506730196290555
2026-09-28 20:00:00+00:00,10006.433354192199,10012.2048,5.602647479999999,0.5732999999998662,0.4045016722000001,9262.366454192199,0.24498354340939874,0.07435885231657222
2026-09-28 21:00:00+00:00,10010.4052541922,10016.1767,5.602647479999999,0.5732999999998662,0.4045016722000001,9262.366454192199,0.24494856479193255,0.07472612556686785
2026-09-28 22:00:00+00:00,10009.8717541922,10015.6432,5.602647479999999,0.5732999999998662,0.4045016722000001,9262.366454192199,0.24479665276168633,0.07467681088790573
2026-09-28 23:00:00+00:00,10011.3661541922,10017.1376,5.602647479999999,0.5732999999998662,0.4045016722000001,9262.366454192199,0.24538923680973143,0.0748149341922092
2026-09-29 00:00:00+00:00,10012.558129556399,10018.092299999998,5.602647479999999,0.5732999999998662,0.6417770364000002,9262.603729556398,0.24533502509701094,0.07490137787926394
2026-09-29 01:00:00+00:00,10008.670627056397,10014.695099999995,6.075349979999999,0.5908999999998503,0.6417770364000002,8565.718927056398,0.3142091909287764,0.14417016542629296
2026-09-29 02:00:00+00:00,10008.622327056397,10014.646799999995,6.075349979999999,0.5908999999998503,0.6417770364000002,8565.718927056398,0.31406536257268125,0.14416603532929664
2026-09-29 03:00:00+00:00,10007.431827056398,10013.456299999996,6.075349979999999,0.5908999999998503,0.6417770364000002,8565.718927056398,0.3137926447332772,0.14406422396025131
2026-09-29 04:00:00+00:00,10005.184827056397,10011.209299999995,6.075349979999999,0.5908999999998503,0.6417770364000002,8565.718927056398,0.3134937489128625,0.1438719948588398
2026-09-29 05:00:00+00:00,10004.5301108764,10010.68275,6.199466159999998,0.5949499999998467,0.6417770364000002,8772.455110876399,0.3216100870646628,0.12315171090949617
2026-09-29 06:00:00+00:00,10003.794710876398,10009.947349999999,6.199466159999998,0.5949499999998467,0.6417770364000002,8772.455110876399,0.3217789941751007,0.12308725194662923
2026-09-29 07:00:00+00:00,10006.656610876398,10012.809249999998,6.199466159999998,0.5949499999998467,0.6417770364000002,8772.455110876399,0.3229881493572041,0.12333804866038135
2026-09-29 08:00:00+00:00,10008.540850877798,10014.626849999999,6.199466159999998,0.5949499999998467,0.7084170378000002,8772.521750877799,0.32401669217502155,0.12349643353772144
2026-09-29 09:00:00+00:00,10009.618750877798,10015.704749999999,6.199466159999998,0.5949499999998467,0.7084170378000002,8772.521750877799,0.323896312206265,0.12359082106813632
2026-09-29 10:00:00+00:00,10008.626850877798,10014.712849999998,6.199466159999998,0.5949499999998467,0.7084170378000002,8772.521750877799,0.32422244812887574,0.1235039649711377
2026-09-29 11:00:00+00:00,10008.388650877798,10014.474649999998,6.199466159999998,0.5949499999998467,0.7084170378000002,8772.521750877799,0.3245240381142806,0.12348310433484283
2026-09-29 12:00:00+00:00,10011.050150877798,10017.136149999998,6.199466159999998,0.5949499999998467,0.7084170378000002,8772.521750877799,0.32544084295835124,0.12371613180775068
2026-09-29 13:00:00+00:00,10011.801550877799,10017.88755,6.199466159999998,0.5949499999998467,0.7084170378000002,8772.521750877799,0.32506659100875374,0.12378189816310778
2026-09-29 14:00:00+00:00,10013.113650877798,10019.199649999999,6.199466159999998,0.5949499999998467,0.7084170378000002,8772.521750877799,0.3215940627736414,0.12389671617192159
2026-09-29 15:00:00+00:00,10011.159350877799,10017.24535,6.199466159999998,0.5949499999998467,0.7084170378000002,8772.521750877799,0.32196566721489445,0.12372569016108947
2026-09-29 16:00:00+00:00,10004.4122915948,10010.38655,6.199466159999998,0.5949499999998467,0.8201577548000002,8772.6334915948,0.32044061225799014,0.12312355429762507
2026-09-29 17:00:00+00:00,10005.1462857348,10011.276799999998,6.3502720199999985,0.6003999999998417,0.8201577548000002,8521.1395857348,0.34500845878901487,0.14832433805749312
2026-09-29 18:00:00+00:00,10005.749854694799,10012.2388,6.699903059999999,0.6091999999999338,0.8201577548000002,9103.508354694799,0.28676804254242694,0.0901723022364645
2026-09-29 19:00:00+00:00,10004.139354694798,10010.628299999998,6.699903059999999,0.6091999999999338,0.8201577548000002,9103.508354694799,0.2878103650814089,0.09002583511367693
2026-09-29 20:00:00+00:00,10005.1162546948,10011.6052,6.699903059999999,0.6091999999999338,0.8201577548000002,9103.508354694799,0.2872064278765,0.0901146850319635
2026-09-29 21:00:00+00:00,10003.9933244948,10011.396649999999,7.476133259999999,0.7473499999999256,0.8201577548000002,9230.3215244948,0.2746299113647942,0.07733629710704251
2026-09-29 22:00:00+00:00,10004.7465244948,10012.149849999998,7.476133259999999,0.7473499999999256,0.8201577548000002,9230.3215244948,0.2748404463089433,0.07740575916680761
2026-09-29 23:00:00+00:00,10007.3311244948,10014.734449999998,7.476133259999999,0.7473499999999256,0.8201577548000002,9230.3215244948,0.27526212191155636,0.07764403818897576
2026-09-30 00:00:00+00:00,10013.3814532004,10020.52285,7.476133259999999,0.7473499999999256,1.0820864604,9230.5834532004,0.27551791698879424,0.07817519023504374
2026-09-30 01:00:00+00:00,10007.2620913604,10014.85455,7.8882951,0.786249999999949,1.0820864604,9270.6466913604,0.2649737536392963,0.07360808513608777
2026-09-30 02:00:00+00:00,10009.5687913604,10017.16125,7.8882951,0.786249999999949,1.0820864604,9270.6466913604,0.2653409507802614,0.07382157167827139
2026-09-30 03:00:00+00:00,10006.3319913604,10013.924449999999,7.8882951,0.786249999999949,1.0820864604,9270.6466913604,0.2648867239552431,0.07352197594834955
2026-09-30 04:00:00+00:00,10008.6448913604,10016.23735,7.8882951,0.786249999999949,1.0820864604,9270.6466913604,0.2652727745682985,0.07373607596339543
2026-09-30 05:00:00+00:00,10007.5746913604,10015.16715,7.8882951,0.786249999999949,1.0820864604,9270.6466913604,0.2655157999763869,0.07363702222839211
2026-09-30 06:00:00+00:00,10006.8222913604,10014.41475,7.8882951,0.786249999999949,1.0820864604,9270.6466913604,0.265530607283201,0.07356737019659004
2026-09-30 07:00:00+00:00,10007.2162913604,10014.80875,7.8882951,0.786249999999949,1.0820864604,9270.6466913604,0.2648815337676343,0.07360384532069202
2026-09-30 08:00:00+00:00,10009.958648669899,10017.558149999997,7.8882951,0.786249999999949,1.0750437699,9270.6396486699,0.2656877109430808,0.07385834706702199
2026-09-30 09:00:00+00:00,10007.4308486699,10015.030349999997,7.8882951,0.786249999999949,1.0750437699,9270.6396486699,0.26506719258045797,0.07362441081448272
2026-09-30 10:00:00+00:00,10008.3032486699,10015.902749999997,7.8882951,0.786249999999949,1.0750437699,9270.6396486699,0.2656434696214198,0.07370516077218536
2026-09-30 11:00:00+00:00,10010.9915486699,10018.591049999997,7.8882951,0.786249999999949,1.0750437699,9270.6396486699,0.26495232636096006,0.07395390320735674
2026-09-30 12:00:00+00:00,10012.319048669899,10019.918549999997,7.8882951,0.786249999999949,1.0750437699,9270.6396486699,0.26455035912502994,0.0740766845717456
2026-09-30 13:00:00+00:00,10011.7810486699,10019.380549999998,7.8882951,0.786249999999949,1.0750437699,9270.6396486699,0.2670819294789957,0.07402692851522791
2026-09-30 14:00:00+00:00,10020.333648669899,10027.933149999997,7.8882951,0.786249999999949,1.0750437699,9270.6396486699,0.2642803017194462,0.07481726919337807
2026-09-30 15:00:00+00:00,10012.1985486699,10019.798049999998,7.8882951,0.786249999999949,1.0750437699,9270.6396486699,0.2630039034083899,0.07406554078959157
2026-09-30 16:00:00+00:00,10018.0332541452,10025.39395,7.8882951,0.786249999999949,1.3138492452000001,9270.8784541452,0.2636245591326245,0.07458098621212372
2026-09-30 17:00:00+00:00,10013.298390285201,10021.041950000003,8.23225896,0.8251499999999422,1.3138492452000001,9117.6963902852,0.2793450360686126,0.08944125752498336
2026-09-30 18:00:00+00:00,10009.730990285201,10017.474550000003,8.23225896,0.8251499999999422,1.3138492452000001,9117.6963902852,0.27881786260876135,0.08911674058631058
2026-09-30 19:00:00+00:00,10011.6362902852,10019.379850000001,8.23225896,0.8251499999999422,1.3138492452000001,9117.6963902852,0.27910745246623403,0.08929008945994527
2026-09-30 20:00:00+00:00,9993.8653902852,10001.608950000002,8.23225896,0.8251499999999422,1.3138492452000001,9117.6963902852,0.27778018730356113,0.08767068254208257
2026-09-30 21:00:00+00:00,9998.8495485652,10006.8986,8.53030068,0.8325999999999354,1.3138492452000001,9614.1345485652,0.32760936986696176,0.0384759264684811
2026-09-30 22:00:00+00:00,9999.1804485652,10007.2295,8.53030068,0.8325999999999354,1.3138492452000001,9614.1345485652,0.327196825462777,0.03850774590784097
2026-09-30 23:00:00+00:00,10001.8941485652,10009.9432,8.53030068,0.8325999999999354,1.3138492452000001,9614.1345485652,0.3277707153569792,0.03876861664804014
2026-10-01 00:00:00+00:00,10001.347828007001,10009.4181,8.53030068,0.8325999999999354,1.292628687,9614.113328007,0.3279036742244282,0.038718231448327235
2026-10-01 01:00:00+00:00,10001.959828007,10010.0301,8.53030068,0.8325999999999354,1.292628687,9614.113328007,0.32804347912021065,0.03877705036506657
2026-10-01 02:00:00+00:00,10001.343328007,10009.4136,8.53030068,0.8325999999999354,1.292628687,9614.113328007,0.32838274742583673,0.038717798929632834
2026-10-01 03:00:00+00:00,10001.276828007001,10009.3471,8.53030068,0.8325999999999354,1.292628687,9614.113328007,0.3290014421744288,0.038711407219107236
2026-10-01 04:00:00+00:00,10003.518728007,10011.589,8.53030068,0.8325999999999354,1.292628687,9614.113328007,0.32965254423600177,0.03892684270283575
2026-10-01 05:00:00+00:00,10005.178367747001,10014.212650000001,9.462860939999999,0.864049999999912,1.292628687,8194.108667747001,0.4721466950782353,0.1810132346903699
2026-10-01 06:00:00+00:00,10009.972867747001,10019.007150000001,9.462860939999999,0.864049999999912,1.292628687,8194.108667747001,0.47273940324526387,0.18140550668732297
2026-10-01 07:00:00+00:00,10005.692467747002,10014.726750000002,9.462860939999999,0.864049999999912,1.292628687,8194.108667747001,0.4717117795908798,0.1810553148459816
2026-10-01 08:00:00+00:00,9992.372367747,10001.40665,9.462860939999999,0.864049999999912,1.292628687,8194.108667747001,0.46960606823923057,0.17996363964621326
2026-10-01 09:00:00+00:00,9996.392237647,10005.4594,9.487391039999999,0.8723999999999132,1.292628687,8234.967637647,0.47236319741605803,0.17620603094848275
2026-10-01 10:00:00+00:00,9999.876937646999,10008.944099999999,9.487391039999999,0.8723999999999132,1.292628687,8234.967637647,0.47216662059353387,0.1764931019656416
2026-10-01 11:00:00+00:00,10002.261337647,10011.3285,9.487391039999999,0.8723999999999132,1.292628687,8234.967637647,0.4726145159002676,0.17668941455750348
2026-10-01 12:00:00+00:00,9997.869937647,10006.9371,9.487391039999999,0.8723999999999132,1.292628687,8234.967637647,0.47279269779263416,0.17632778891849632
2026-10-01 13:00:00+00:00,9998.609921487,10007.837599999999,9.6423072,0.8779999999999082,1.292628687,8493.006321486999,0.44612579498817084,0.1505812919818444
2026-10-01 14:00:00+00:00,9979.005421487,9988.2331,9.6423072,0.8779999999999082,1.292628687,8493.006321486999,0.44455703876538666,0.14891254561304437
2026-10-01 15:00:00+00:00,9958.871221487,9968.098899999999,9.6423072,0.8779999999999082,1.292628687,8493.006321486999,0.4446407631465305,0.14719187219102586
2026-10-01 16:00:00+00:00,9970.284936914499,9980.004999999997,10.0717278,0.9094999999998795,1.2611647145000002,9208.246436914498,0.3724543404222115,0.0764309650949482
2026-10-01 17:00:00+00:00,9978.921477674496,9989.084449999995,10.476887040000001,0.9472499999998667,1.2611647145000002,9246.052277674497,0.34840500627029863,0.07344172430253347
2026-10-01 18:00:00+00:00,9982.480977674497,9992.643949999996,10.476887040000001,0.9472499999998667,1.2611647145000002,9246.052277674497,0.34965815690571256,0.0737721115268839
2026-10-01 19:00:00+00:00,9983.963677674497,9994.126649999997,10.476887040000001,0.9472499999998667,1.2611647145000002,9246.052277674497,0.3507123936988904,0.07390966391935803
2026-10-01 20:00:00+00:00,9983.200877674497,9993.363849999996,10.476887040000001,0.9472499999998667,1.2611647145000002,9246.052277674497,0.34967756762329877,0.07383890287617977
2026-10-01 21:00:00+00:00,9981.712477674497,9991.875449999996,10.476887040000001,0.9472499999998667,1.2611647145000002,9246.052277674497,0.3496803387000767,0.07370080050346144
2026-10-01 22:00:00+00:00,9983.655077674497,9993.818049999996,10.476887040000001,0.9472499999998667,1.2611647145000002,9246.052277674497,0.3496877619306936,0.07388103798271552
2026-10-01 23:00:00+00:00,9983.542977674497,9993.705949999996,10.476887040000001,0.9472499999998667,1.2611647145000002,9246.052277674497,0.3500539746075247,0.0738706390756467
2026-10-02 00:00:00+00:00,9984.470904712496,9994.833149999995,10.476887040000001,0.9472499999998667,1.0618917525000002,9245.853004712497,0.35035077305388046,0.07397666907431072
2026-10-02 01:00:00+00:00,9985.563004712498,9995.925249999997,10.476887040000001,0.9472499999998667,1.0618917525000002,9245.853004712497,0.35039258160494063,0.07407794629615856
2026-10-02 02:00:00+00:00,9985.400404712496,9995.762649999995,10.476887040000001,0.9472499999998667,1.0618917525000002,9245.853004712497,0.35058780400512096,0.07406286879101802
2026-10-02 03:00:00+00:00,9986.771404712497,9997.133649999996,10.476887040000001,0.9472499999998667,1.0618917525000002,9245.853004712497,0.3511840671896271,0.0741899829258513
2026-10-02 04:00:00+00:00,9986.847404712496,9997.209649999995,10.476887040000001,0.9472499999998667,1.0618917525000002,9245.853004712497,0.35154565377091296,0.07419702834854036
2026-10-02 05:00:00+00:00,9985.408004712497,9995.770249999996,10.476887040000001,0.9472499999998667,1.0618917525000002,9245.853004712497,0.3524596088952034,0.07406357353159487
2026-10-02 06:00:00+00:00,9983.501204712496,9993.863449999995,10.476887040000001,0.9472499999998667,1.0618917525000002,9245.853004712497,0.35168351543271137,0.0738867241936936
2026-10-02 07:00:00+00:00,9985.879704712497,9996.241949999996,10.476887040000001,0.9472499999998667,1.0618917525000002,9245.853004712497,0.3516527340443364,0.07410731171243426
2026-10-02 08:00:00+00:00,9986.822772080797,9997.217049999997,10.476887040000001,0.9472499999998667,1.0298591208000003,9245.820972080797,0.35273997350270586,0.07419795233290288
2026-10-02 09:00:00+00:00,9989.048172080797,9999.442449999997,10.476887040000001,0.9472499999998667,1.0298591208000003,9245.820972080797,0.352699730675751,0.07440420620628362
2026-10-02 10:00:00+00:00,9992.051772080798,10002.446049999999,10.476887040000001,0.9472499999998667,1.0298591208000003,9245.820972080797,0.3526888251166583,0.07468243930491576
2026-10-02 11:00:00+00:00,9991.924272080798,10002.318549999998,10.476887040000001,0.9472499999998667,1.0298591208000003,9245.820972080797,0.3526305248174431,0.07467063197073504
2026-10-02 12:00:00+00:00,9995.443172080797,10005.837449999997,10.476887040000001,0.9472499999998667,1.0298591208000003,9245.820972080797,0.3526585604374147,0.07499639456646
2026-10-02 13:00:00+00:00,9997.962972080797,10008.357249999997,10.476887040000001,0.9472499999998667,1.0298591208000003,9245.820972080797,0.3553556469374058,0.07522952446416821
2026-10-02 14:00:00+00:00,9993.050172080797,10003.444449999997,10.476887040000001,0.9472499999998667,1.0298591208000003,9245.820972080797,0.35715099379480464,0.07477488725991344
2026-10-02 15:00:00+00:00,9984.615172080797,9995.009449999998,10.476887040000001,0.9472499999998667,1.0298591208000003,9245.820972080797,0.35520175178277774,0.07399325735315597
2026-10-02 16:00:00+00:00,9983.430663880497,9993.741449999998,10.476887040000001,0.9472499999998667,1.1133509205000003,9245.904463880497,0.35436019131172153,0.07387502601368579
2026-10-02 17:00:00+00:00,9981.337207060498,9992.0753,10.83454386,1.016899999999866,1.1133509205000003,9213.602507060497,0.30024266667197025,0.07691701863923879
2026-10-02 18:00:00+00:00,9979.374607060498,9990.1127,10.83454386,1.016899999999866,1.1133509205000003,9213.602507060497,0.29967071262002487,0.07673547994262178
2026-10-02 19:00:00+00:00,9977.317907060497,9988.055999999999,10.83454386,1.016899999999866,1.1133509205000003,9213.602507060497,0.29967424390518327,0.07654516044432674
2026-10-02 20:00:00+00:00,9979.594407060498,9990.3325,10.83454386,1.016899999999866,1.1133509205000003,9213.602507060497,0.2994600560004385,0.07675581479123697
2026-10-02 21:00:00+00:00,9977.869623900498,9989.02205,11.182327020000002,1.083449999999836,1.1133509205000003,9225.856123900498,0.352099900321872,0.07536814253401988
2026-10-02 22:00:00+00:00,9976.452823900498,9987.605249999999,11.182327020000002,1.083449999999836,1.1133509205000003,9225.856123900498,0.3520970591455818,0.07523683149203116
2026-10-02 23:00:00+00:00,9977.859323900497,9989.011749999998,11.182327020000002,1.083449999999836,1.1133509205000003,9225.856123900498,0.352184620561107,0.07536718804991435
2026-10-03 00:00:00+00:00,9978.571564476195,9989.852749999995,11.182327020000002,1.083449999999836,0.9845914962000002,9225.727364476195,0.352408696703534,0.07544608916572111
2026-10-03 01:00:00+00:00,9980.842264476196,9992.123449999996,11.182327020000002,1.083449999999836,0.9845914962000002,9225.727364476195,0.35253624962328367,0.07565643058878951
2026-10-03 02:00:00+00:00,9981.568964476195,9992.850149999995,11.182327020000002,1.083449999999836,0.9845914962000002,9225.727364476195,0.3526736540646375,0.07572372666962429
2026-10-03 03:00:00+00:00,9981.340464476196,9992.621649999995,11.182327020000002,1.083449999999836,0.9845914962000002,9225.727364476195,0.3526254527161554,0.07570256747470375
2026-10-03 04:00:00+00:00,9982.334264476196,9993.615449999996,11.182327020000002,1.083449999999836,0.9845914962000002,9225.727364476195,0.3526908242823444,0.07579458671229954
2026-10-03 05:00:00+00:00,9981.586164476195,9992.867349999995,11.182327020000002,1.083449999999836,0.9845914962000002,9225.727364476195,0.3524303795041782,0.07572531935756377
2026-10-03 06:00:00+00:00,9981.826164476195,9993.107349999995,11.182327020000002,1.083449999999836,0.9845914962000002,9225.727364476195,0.35242595313065167,0.07574754233757754
2026-10-03 07:00:00+00:00,9981.198964476196,9992.480149999996,11.182327020000002,1.083449999999836,0.9845914962000002,9225.727364476195,0.3524959889610455,0.07568946403020095
2026-10-03 08:00:00+00:00,9980.939564476195,9992.220749999995,11.182327020000002,1.083449999999836,0.9845914962000002,9225.727364476195,0.35257710732212827,0.07566544162715146
2026-10-03 09:00:00+00:00,9982.331964476196,9993.613149999996,11.182327020000002,1.083449999999836,0.9845914962000002,9225.727364476195,0.3526798560224735,0.07579437376882522
2026-10-03 10:00:00+00:00,9981.378064476196,9992.659249999995,11.182327020000002,1.083449999999836,0.9845914962000002,9225.727364476195,0.35271525407195903,0.07570604931691416
2026-10-03 11:00:00+00:00,9981.569864476196,9992.851049999996,11.182327020000002,1.083449999999836,0.9845914962000002,9225.727364476195,0.3527186953356816,0.07572381000808277
2026-10-03 12:00:00+00:00,9981.459264476196,9992.740449999996,11.182327020000002,1.083449999999836,0.9845914962000002,9225.727364476195,0.35269407074865644,0.07571356852495845
2026-10-03 13:00:00+00:00,9982.096081376196,9993.682999999994,11.480610120000003,1.0908999999998292,0.9845914962000002,8728.290581376195,0.303027948773558,0.12560543294501553
2026-10-03 14:00:00+00:00,9981.903481376195,9993.490399999993,11.480610120000003,1.0908999999998292,0.9845914962000002,8728.290581376195,0.3030346371955667,0.1255885615743467
2026-10-03 15:00:00+00:00,9982.606381376196,9994.193299999994,11.480610120000003,1.0908999999998292,0.9845914962000002,8728.290581376195,0.3030103045676733,0.12565013104594444
2026-10-03 16:00:00+00:00,9982.981481376195,9994.568399999993,11.480610120000003,1.0908999999998292,0.9845914962000002,8728.290581376195,0.30304080055079463,0.12568298382008375
2026-10-03 17:00:00+00:00,9982.078543276195,9994.289099999995,12.084248220000003,1.1108999999998836,0.9845914962000002,8679.160243276196,0.28406453502712564,0.13052575116007573
2026-10-03 18:00:00+00:00,9983.042843276195,9995.253399999994,12.084248220000003,1.1108999999998836,0.9845914962000002,8679.160243276196,0.28424732263983254,0.13060973697795902
2026-10-03 19:00:00+00:00,9982.731643276196,9994.942199999996,12.084248220000003,1.1108999999998836,0.9845914962000002,8679.160243276196,0.2841657275151411,0.13058263475188298
2026-10-03 20:00:00+00:00,9982.996943276195,9995.207499999995,12.084248220000003,1.1108999999998836,0.9845914962000002,8679.160243276196,0.28425485013408464,0.13060573968002337
2026-10-03 21:00:00+00:00,9983.726214716195,9996.298199999994,12.435876780000003,1.1206999999998748,0.9845914962000002,8314.481814716195,0.22563132757783014,0.16719653204627177
2026-10-03 22:00:00+00:00,9984.497914716194,9997.069899999993,12.435876780000003,1.1206999999998748,0.9845914962000002,8314.481814716195,0.22564590821130331,0.16726089927251683
2026-10-03 23:00:00+00:00,9984.980214716195,9997.552199999995,12.435876780000003,1.1206999999998748,0.9845914962000002,8314.481814716195,0.22570143871477416,0.16730112269406042
2026-10-04 00:00:00+00:00,9984.470614716194,9997.042599999993,12.435876780000003,1.1206999999998748,0.9845914962000002,8314.481814716195,0.22573296942534637,0.16725862235886493
2026-10-04 01:00:00+00:00,9984.184597276193,9997.410249999992,13.049894220000006,1.1603499999998466,0.9845914962000002,8308.477997276193,0.3179071830128139,0.16783609955059858
2026-10-04 02:00:00+00:00,9983.733997276193,9996.959649999992,13.049894220000006,1.1603499999998466,0.9845914962000002,8308.477997276193,0.3178405595407226,0.16779854115274415
2026-10-04 03:00:00+00:00,9982.821097276194,9996.046749999992,13.049894220000006,1.1603499999998466,0.9845914962000002,8308.477997276193,0.317889489261294,0.16772243874598167
2026-10-04 04:00:00+00:00,9983.429797276192,9996.655449999991,13.049894220000006,1.1603499999998466,0.9845914962000002,8308.477997276193,0.3180026969154607,0.16777318356633128
2026-10-04 05:00:00+00:00,9982.221603476193,9996.330449999992,13.898488020000006,1.1949499999998243,0.9845914962000002,9357.407003476193,0.17631443880058692,0.06259273985486513
2026-10-04 06:00:00+00:00,9982.560103476193,9996.668949999992,13.898488020000006,1.1949499999998243,0.9845914962000002,9357.407003476193,0.17640253419428858,0.06262452652624702
2026-10-04 07:00:00+00:00,9982.505803476193,9996.614649999992,13.898488020000006,1.1949499999998243,0.9845914962000002,9357.407003476193,0.17649664670232032,0.06261942765736461
2026-10-04 08:00:00+00:00,9982.298203476194,9996.407049999993,13.898488020000006,1.1949499999998243,0.9845914962000002,9357.407003476193,0.1766303274115773,0.06259993312786334
2026-10-04 09:00:00+00:00,9981.038931996194,9995.169699999993,13.919659500000005,1.1956999999998235,0.9845914962000002,9392.671631996194,0.1728508937551009,0.05894850265675973
2026-10-04 10:00:00+00:00,9980.319631996193,9994.450399999992,13.919659500000005,1.1956999999998235,0.9845914962000002,9392.671631996194,0.17297417955087177,0.058880679343779975
2026-10-04 11:00:00+00:00,9980.475831996195,9994.606599999994,13.919659500000005,1.1956999999998235,0.9845914962000002,9392.671631996194,0.17305100769474602,0.05889540838479575
2026-10-04 12:00:00+00:00,9980.126431996194,9994.257199999993,13.919659500000005,1.1956999999998235,0.9845914962000002,9392.671631996194,0.17308614392518137,0.05886246071158229
2026-10-04 13:00:00+00:00,9979.872631996193,9994.003399999992,13.919659500000005,1.1956999999998235,0.9845914962000002,9392.671631996194,0.17287324834875287,0.05883852646750131
2026-10-04 14:00:00+00:00,9979.398131996195,9993.528899999994,13.919659500000005,1.1956999999998235,0.9845914962000002,9392.671631996194,0.17295683338517576,0.05879377616159264
2026-10-04 15:00:00+00:00,9978.731931996193,9992.862699999992,13.919659500000005,1.1956999999998235,0.9845914962000002,9392.671631996194,0.1730091670730592,0.0587309393612262
2026-10-04 16:00:00+00:00,9977.950731996194,9992.081499999993,13.919659500000005,1.1956999999998235,0.9845914962000002,9392.671631996194,0.17284307633126303,0.0586572449313857
2026-10-04 17:00:00+00:00,9977.639931996195,9991.770699999994,13.919659500000005,1.1956999999998235,0.9845914962000002,9392.671631996194,0.1728960868259019,0.05862792243325293
2026-10-04 18:00:00+00:00,9975.891131996194,9990.021899999992,13.919659500000005,1.1956999999998235,0.9845914962000002,9392.671631996194,0.17272711552288192,0.05846289742772049
2026-10-04 19:00:00+00:00,9976.105531996194,9990.236299999993,13.919659500000005,1.1956999999998235,0.9845914962000002,9392.671631996194,0.1728217984934462,0.05848313233343035
2026-10-04 20:00:00+00:00,9976.141031996194,9990.271799999993,13.919659500000005,1.1956999999998235,0.9845914962000002,9392.671631996194,0.17275696027877258,0.05848648271196799
2026-10-04 21:00:00+00:00,9977.363231996194,9991.493999999993,13.919659500000005,1.1956999999998235,0.9845914962000002,9392.671631996194,0.17307711064003273,0.05860181557036681
2026-10-04 22:00:00+00:00,9977.845831996194,9991.976599999993,13.919659500000005,1.1956999999998235,0.9845914962000002,9392.671631996194,0.17332420535645932,0.0586473483207676
2026-10-04 23:00:00+00:00,9978.675031996194,9992.805799999993,13.919659500000005,1.1956999999998235,0.9845914962000002,9392.671631996194,0.1740413225635007,0.05872557209459224
2026-10-05 00:00:00+00:00,9977.548056496194,9991.797999999993,13.919659500000005,1.1956999999998235,0.8654159962000002,9392.552456496194,0.17338211654853178,0.05863119843548338
2026-10-05 01:00:00+00:00,9979.138956496194,9993.388899999993,13.919659500000005,1.1956999999998235,0.8654159962000002,9392.552456496194,0.17379217861988105,0.058781273871143506
2026-10-05 02:00:00+00:00,9981.013356496194,9995.263299999993,13.919659500000005,1.1956999999998235,0.8654159962000002,9392.552456496194,0.1739309464875238,0.058958031512601594
2026-10-05 03:00:00+00:00,9978.866056496194,9993.115999999993,13.919659500000005,1.1956999999998235,0.8654159962000002,9392.552456496194,0.17356124335114334,0.058755533612790886
2026-10-05 04:00:00+00:00,9977.682956496194,9991.932899999993,13.919659500000005,1.1956999999998235,0.8654159962000002,9392.552456496194,0.17289363748292377,0.0586439259045646
2026-10-05 05:00:00+00:00,9976.701456496194,9990.951399999993,13.919659500000005,1.1956999999998235,0.8654159962000002,9392.552456496194,0.1725085397718653,0.05855131603839257
2026-10-05 06:00:00+00:00,9977.116256496194,9991.366199999993,13.919659500000005,1.1956999999998235,0.8654159962000002,9392.552456496194,0.1730224000222522,0.05859045689874415
2026-10-05 07:00:00+00:00,9976.570856496193,9990.820799999992,13.919659500000005,1.1956999999998235,0.8654159962000002,9392.552456496194,0.17336048877694452,0.05853899184404823
2026-10-05 08:00:00+00:00,9975.604256496194,9989.854199999992,13.919659500000005,1.1956999999998235,0.8654159962000002,9392.552456496194,0.17342762959681168,0.058447767674856585
2026-10-05 09:00:00+00:00,9975.606556496194,9989.856499999993,13.919659500000005,1.1956999999998235,0.8654159962000002,9392.552456496194,0.17337170328492396,0.0584479847614189
2026-10-05 10:00:00+00:00,9973.172056496194,9987.421999999993,13.919659500000005,1.1956999999998235,0.8654159962000002,9392.552456496194,0.1732244856715071,0.0582181473167109
2026-10-05 11:00:00+00:00,9972.279256496195,9986.529199999994,13.919659500000005,1.1956999999998235,0.8654159962000002,9392.552456496194,0.1731839989213061,0.05813383130264341
2026-10-05 12:00:00+00:00,9973.276856496193,9987.526799999992,13.919659500000005,1.1956999999998235,0.8654159962000002,9392.552456496194,0.17366544867064787,0.05822804363660468
