ticker,spread_bps,snapshots
AAL,1.535037224651847,1
AAOI,4.740459824602717,1
AAPL,0.2981647956823026,1
ABNB,30.675769149799457,1
ACHR,9.42240648261546,1
ADBE,0.4051289322823305,1
ADI,26.415094339623135,1
AEHR,18.142041513259876,1
ALAB,4.348189647963724,1
AMAT,6.76300187109744,1
AMC,26.971605918973832,1
AMD,1.8031988748043124,1
AMGN,16.63374571161208,1
AMKR,3.9824771007558786,1
AMZN,1.17824951397212,1
ANET,21.00945425441528,1
APD,3.4873583260687964,1
APLD,14.316392269147869,1
APP,0.6450988614017564,1
ARM,1.4572479871748922,1
ASML,0.3581790178741646,1
ASTS,3.403096818105007,1
ASX,24.00960384153695,1
AVAV,16.852354648440024,1
AVGO,0.8408896612608501,1
AXTI,1.4433138485971158,1
BABA,0.8675660434642697,1
BAC,1.716590850570425,1
BA,1.505230676601246,1
BE,0.3723077495875853,1
BITO,5.491488193300593,1
BKNG,39.913025347748935,1
BMNR,3.827165218723091,1
BOTZ,50.7281484225818,1
BSP,31.5683742287278,1
BX,2.4020176948637766,1
BYD,13.465422718091128,1
BZ,1.013222554334578,1
CBRS,1.0153315057371424,1
CCL,25.543949277015432,1
CGNX,99.16280581971868,1
CIEN,0.8537157980116835,1
CLSK,27.693159789532626,1
CL,0.7335027375375267,1
CMCSA,15.323657538145024,1
COHR,2.220213457665071,1
COIN,0.5107121881459056,1
CONL,6.295247088447527,1
COP,22.80848475633022,1
COST,4.012438559534709,1
CPNG,76.91508159235052,1
CRCL,1.086189105522284,1
CRDO,3.4630035784371627,1
CRM,0.8264804330761697,1
CRWD,1.2651021569992256,1
CRWV,1.227069145346968,1
CSCO,6.379585326954422,1
DDOG,64.11922710337015,1
DELL,1.0452779568290698,1
DE,40.497797747494886,1
DJT,8.975653539772376,1
DKNG,2.724053391446575,1
DRAM,1.6870518768448772,1
DXYZ,5.501885204783229,1
ECHO,27.70673486786073,1
ETN,2.334921079666711,1
EWJ,8.251676121712048,1
EWT,1.795170990036444,1
EWY,0.5529902950198194,1
EWZ,24.036535534010714,1
FCX,37.998733375553584,1
FLEX,38.73109553670248,1
FLNC,16.476726623643508,1
FLY,9.551098376313073,1
FOXA,42.01353769548125,1
FUTU,11.598340545122866,1
FWDI,26.838775640615893,1
GE,7.003915825667036,1
GEV,10.96835682301104,1
GFS,25.964584307005246,1
GILD,50.25790239386265,1
GLW,4.015795462151281,1
GME,4.441483455473245,1
GNRC,37.841592220917875,1
GOOGL,0.5691681607325709,1
GS,3.8017192219149423,1
GTLB,7.992007992007822,1
HOOD,0.8340631385800171,1
HPE,6.620324395895257,1
HPQ,8.127721335268124,1
HUT,10.1030511214381,1
IBB,36.979369404438465,1
IBIT,21.152021980656627,1
IBM,1.2982235973776377,1
INDA,10.4395030796543,1
INFQ,12.91547958214584,1
INTC,1.8264840182657744,1
IONQ,12.799180852426538,1
IREN,1.077133532243013,1
ISRG,25.661547060990408,1
IWM,1.7605323849916208,1
JD,18.56320772229467,1
JMKE,7.112014224028115,1
JOBY,8.07819694644138,1
JPM,2.573965766254594,1
KLAC,5.084889403655663,1
KO,17.011624610150914,1
KSTR,15.387494541597816,1
KTOS,65.2151046597234,1
KWEB,2.799048323570566,1
LIN,1.0691413725639372,1
LITE,3.790730040452751,1
LLY,9.347816678929805,1
LMT,18.176877886985302,1
LRCX,0.6951444162538198,1
LWLG,25.56287484023184,1
LYTE,20.078419487431013,1
MARA,21.14643909070347,1
MAR,46.84254717398123,1
MCD,3.595613351711049,1
MDB,3.1407857198943794,1
MELI,5.571030640668524,1
META,0.1490079793771601,1
MP,2.071036553794763,1
MRK,3.4219621530974194,1
MRNA,3.2213381438656943,1
MRVL,0.4146022927503018,1
MSFT,0.8074935400520927,1
MSTR,0.6334125098964943,1
MSTU,0.7999491796989795,1
MU,0.6944065551983772,1
MVLL,3.3206043499922173,1
NBIS,2.713213349008495,1
NET,3.6979969183360417,1
NFLX,1.3839872673178488,1
NIO,5.408328826392049,1
NKE,4.203034590974843,1
NOC,4.734176016664299,1
NOW,3.673364434484293,1
NTAP,56.3237346187992,1
NVDA,0.4499336347884595,1
NVDL,6.003173105784715,1
NVS,45.62203895420288,1
OKLO,10.487676979548809,1
OKTA,18.045112781954018,1
ONDS,2.6997840172783207,1
ORCL,0.6799714411988512,1
OSS,59.59607107383125,1
OUST,19.78798586572245,1
OXY,16.980811682797473,1
PANW,1.098357954856489,1
PATH,4.4391831902931544,1
PDD,7.521624670929206,1
PENG,28.097780275357977,1
PEP,19.100737288459335,1
PLTR,0.5655308921260753,1
POET,11.57035418139788,1
PURR,37.70229414903009,1
PYPL,1.9013214183854,1
QBTS,11.661127631043746,1
QCOM,0.5603653582146383,1
QLD,34.04909660058238,1
QQQ,0.1383690440773331,1
QUBT,16.03114622695448,1
RAM,0.7489234225796261,1
RCAT,5.848808305308448,1
RDDT,0.6573541495474711,1
RDW,0.9207679204467768,1
RGTI,39.39759801741194,1
RIO,109.39112487100128,1
RKLB,3.0950170225930083,1
ROK,39.22318951497145,1
SGOV,37.69841269841225,1
SHOP,5.474952094169755,1
SIMO,48.25845904477729,1
SITM,39.194320889273314,1
SKHY,0.5368695138656928,1
SMCI,0.7748434170594987,1
SMH,6.64300823383381,1
SMR,2.3989444644343187,1
SNDK,0.7298757807571571,1
SNOW,4.78425978530539,1
SNXX,5.055185778077536,1
SOFI,3.522160258291886,1
SONY,58.8148179490974,1
SOXL,0.8288094152742037,1
SOXS,1.412495880220403,1
SOXX,1.1316057485561737,1
SPCX,0.654557355587688,1
SPY,0.1308566530792651,1
SQQQ,2.637478570487964,1
SSPC,37.76824034334703,1
STRC,5.071765481563843,1
TEAM,18.176624860429193,1
TEM,7.617113114130033,1
TER,43.142628444287,1
TM,141.15937516217753,1
TQQQ,1.3752320704125855,1
TSEM,23.540063377094175,1
TSLA,0.8209169642483196,1
TSM,0.230858910576591,1
TTWO,1.9279895888572065,1
TWLO,87.95002465888486,1
TXN,12.000300007499932,1
TZA,3.7867397284691577,1
UBER,12.74336283185889,1
UNH,2.1184757566941435,1
USAR,12.795905310301569,1
UVXY,7.398343909170033,1
VALE,7.009673349223021,1
VEEV,41.59432180267622,1
VOO,5.120036409146376,1
VRT,20.93144950287849,1
VST,3.5232357397041447,1
V,0.8204679402160445,1
WDC,1.5920126451288543,1
WMT,3.736920777280106,1
XBI,40.920716112531096,1
XLK,41.16094986807244,1
XLU,0.4819393238397177,1
XLV,31.419509737083978,1
XOM,1.83649107771425,1
ZM,2.2306491188931545,1
ZS,11.189664818676508,1
