month,p1_acc,p1_n,p2_err,p2_n
2024-07,0.7,10,0.055085,10
2024-08,0.916667,12,0.025472,10
2024-09,0.5,10,0.025782,10
2024-10,0.916667,12,0.032042,10
2024-11,1.0,6,0.027703,10
2024-12,0.583333,12,0.004052,10
2025-01,0.75,12,0.017491,10
2025-02,0.583333,12,0.041008,10
2025-03,1.0,2,0.034467,10
2025-04,0.666667,12,0.033467,10
2025-05,0.833333,6,0.062702,10
2025-06,0.666667,6,0.112915,10
2025-07,0.666667,12,0.169527,10
2025-08,0.6,10,0.239792,10
2025-09,0.666667,6,0.241956,10
2025-10,0.583333,12,0.187216,10
2025-11,0.5,8,0.316416,10
2025-12,0.583333,12,0.158638,10
2026-01,0.416667,12,0.21428,10
2026-02,0.416667,12,,0
2026-03,0.25,4,,0
2026-04,0.75,8,,10
2026-05,0.5,12,,0
2026-06,0.5,12,0.446118,10
2026-07,0.416667,12,0.399041,10
2026-08,0.5,12,0.296753,10
